Date;TIme;DataO;DataN
29/5/2018;00:00:00;14440;14529
29/5/2018;00:01:00;14620;14570
29/5/2018;00:02:00;14680;14519
29/5/2018;00:03:00;14580;14328
29/5/2018;00:04:00;14520;14148
29/5/2018;00:05:00;14280;14448
29/5/2018;00:06:00;14430;14410
29/5/2018;00:07:00;14530;14045
29/5/2018;00:08:00;14220;14785
29/5/2018;00:09:00;14840;14389
29/5/2018;00:10:00;14490;14743
29/5/2018;00:11:00;14860;14216
29/5/2018;00:12:00;14360;14147
29/5/2018;00:13:00;14200;14413
29/5/2018;00:14:00;14480;14213
29/5/2018;00:15:00;14380;14807
29/5/2018;00:16:00;14880;14124
29/5/2018;00:17:00;14260;14826
29/5/2018;00:18:00;14900;14439
29/5/2018;00:19:00;14510;14470
29/5/2018;00:20:00;14640;14683
29/5/2018;00:21:00;14840;14649
29/5/2018;00:22:00;14770;14379
29/5/2018;00:23:00;14510;14442
29/5/2018;00:24:00;14430;14732
29/5/2018;00:25:00;15030;14574
29/5/2018;00:26:00;14600;14486
29/5/2018;00:27:00;14650;14138
29/5/2018;00:28:00;14190;14348
29/5/2018;00:29:00;14410;14481
29/5/2018;00:30:00;14660;14538
29/5/2018;00:31:00;14520;14152
29/5/2018;00:32:00;14200;14197
29/5/2018;00:33:00;14390;14346
29/5/2018;00:34:00;14370;14418
29/5/2018;00:35:00;14650;14538
29/5/2018;00:36:00;14640;14692
29/5/2018;00:37:00;14700;14302
29/5/2018;00:38:00;14440;14314
29/5/2018;00:39:00;14470;14319
29/5/2018;00:40:00;14380;14362
29/5/2018;00:41:00;14480;14395
29/5/2018;00:42:00;14560;14545
29/5/2018;00:43:00;14570;14509
29/5/2018;00:44:00;14590;14239
29/5/2018;00:45:00;14380;14498
29/5/2018;00:46:00;14660;14271
29/5/2018;00:47:00;14370;14330
29/5/2018;00:48:00;14450;14211
29/5/2018;00:49:00;14340;14725
29/5/2018;00:50:00;14730;14176
29/5/2018;00:51:00;14360;14670
29/5/2018;00:52:00;14700;14636
29/5/2018;00:53:00;14810;14673
29/5/2018;00:54:00;14700;14676
29/5/2018;00:55:00;14920;14212
29/5/2018;00:56:00;14220;14638
29/5/2018;00:57:00;14750;14440
29/5/2018;00:58:00;14540;14557
29/5/2018;00:59:00;14620;14474
29/5/2018;01:00:00;14620;14328
29/5/2018;01:01:00;14400;14525
29/5/2018;01:02:00;14580;14537
29/5/2018;01:03:00;14750;13894
29/5/2018;01:04:00;13920;14300
29/5/2018;01:05:00;14530;14378
29/5/2018;01:06:00;14380;14750
29/5/2018;01:07:00;14770;14388
29/5/2018;01:08:00;14540;14427
29/5/2018;01:09:00;14540;14547
29/5/2018;01:10:00;14660;14381
29/5/2018;01:11:00;14520;14789
29/5/2018;01:12:00;14900;14745
29/5/2018;01:13:00;14840;14564
29/5/2018;01:14:00;14610;14557
29/5/2018;01:15:00;14670;14730
29/5/2018;01:16:00;14830;14582
29/5/2018;01:17:00;14650;14341
29/5/2018;01:18:00;14560;14562
29/5/2018;01:19:00;14640;14579
29/5/2018;01:20:00;14610;14549
29/5/2018;01:21:00;14720;14578
29/5/2018;01:22:00;14710;14656
29/5/2018;01:23:00;14760;14438
29/5/2018;01:24:00;14440;14330
29/5/2018;01:25:00;14460;14785
29/5/2018;01:26:00;14970;14813
29/5/2018;01:27:00;14850;13964
29/5/2018;01:28:00;14100;14836
29/5/2018;01:29:00;14940;14384
29/5/2018;01:30:00;14500;14458
29/5/2018;01:31:00;14570;14287
29/5/2018;01:32:00;14320;14328
29/5/2018;01:33:00;14510;14324
29/5/2018;01:34:00;14440;14342
29/5/2018;01:35:00;14450;14928
29/5/2018;01:36:00;15040;14389
29/5/2018;01:37:00;14390;14651
29/5/2018;01:38:00;14780;14362
29/5/2018;01:39:00;14470;14438
29/5/2018;01:40:00;14480;14378
29/5/2018;01:41:00;14500;14397
29/5/2018;01:42:00;14590;14283
29/5/2018;01:43:00;14330;14190
29/5/2018;01:44:00;14320;14506
29/5/2018;01:45:00;14620;14218
29/5/2018;01:46:00;14390;14373
29/5/2018;01:47:00;14390;14399
29/5/2018;01:48:00;14460;14478
29/5/2018;01:49:00;14560;14336
29/5/2018;01:50:00;14520;14195
29/5/2018;01:51:00;14270;14237
29/5/2018;01:52:00;14250;14534
29/5/2018;01:53:00;14770;14281
29/5/2018;01:54:00;14350;14190
29/5/2018;01:55:00;14200;14322
29/5/2018;01:56:00;14490;14726
29/5/2018;01:57:00;14800;14605
29/5/2018;01:58:00;14690;14572
29/5/2018;01:59:00;14770;14410
29/5/2018;02:00:00;14430;13860
29/5/2018;02:01:00;14020;14268
29/5/2018;02:02:00;14260;14390
29/5/2018;02:03:00;14540;14378
29/5/2018;02:04:00;14450;14443
29/5/2018;02:05:00;14550;14614
29/5/2018;02:06:00;14750;14577
29/5/2018;02:07:00;14630;14176
29/5/2018;02:08:00;14340;14612
29/5/2018;02:09:00;14630;14388
29/5/2018;02:10:00;14520;14406
29/5/2018;02:11:00;14430;14612
29/5/2018;02:12:00;14860;14398
29/5/2018;02:13:00;14390;14405
29/5/2018;02:14:00;14580;14033
29/5/2018;02:15:00;14190;14400
29/5/2018;02:16:00;14420;14564
29/5/2018;02:17:00;14720;14598
29/5/2018;02:18:00;14630;14077
29/5/2018;02:19:00;14190;14143
29/5/2018;02:20:00;14190;14282
29/5/2018;02:21:00;14460;14391
29/5/2018;02:22:00;14500;14724
29/5/2018;02:23:00;14790;14108
29/5/2018;02:24:00;14260;14223
29/5/2018;02:25:00;14300;14683
29/5/2018;02:26:00;14740;14122
29/5/2018;02:27:00;14270;14326
29/5/2018;02:28:00;14420;14682
29/5/2018;02:29:00;14780;14253
29/5/2018;02:30:00;14400;14763
29/5/2018;02:31:00;14870;14424
29/5/2018;02:32:00;14450;14314
29/5/2018;02:33:00;14560;14263
29/5/2018;02:34:00;14260;14308
29/5/2018;02:35:00;14460;14469
29/5/2018;02:36:00;14520;14209
29/5/2018;02:37:00;14340;14128
29/5/2018;02:38:00;14280;14031
29/5/2018;02:39:00;14060;14516
29/5/2018;02:40:00;14600;14290
29/5/2018;02:41:00;14420;14268
29/5/2018;02:42:00;14380;14572
29/5/2018;02:43:00;14600;14119
29/5/2018;02:44:00;14250;14190
29/5/2018;02:45:00;14250;14191
29/5/2018;02:46:00;14300;14599
29/5/2018;02:47:00;14720;14262
29/5/2018;02:48:00;14400;14263
29/5/2018;02:49:00;14210;13582
29/5/2018;02:50:00;13800;14217
29/5/2018;02:51:00;14430;14150
29/5/2018;02:52:00;14220;14224
29/5/2018;02:53:00;14180;14129
29/5/2018;02:54:00;14360;14200
29/5/2018;02:55:00;14290;14512
29/5/2018;02:56:00;14610;14317
29/5/2018;02:57:00;14390;14214
29/5/2018;02:58:00;14330;14605
29/5/2018;02:59:00;14610;14341
29/5/2018;03:00:00;14500;14092
29/5/2018;03:01:00;14230;14200
29/5/2018;03:02:00;14250;14520
29/5/2018;03:03:00;14660;14171
29/5/2018;03:04:00;14230;14135
29/5/2018;03:05:00;14200;14426
29/5/2018;03:06:00;14530;14335
29/5/2018;03:07:00;14440;14135
29/5/2018;03:08:00;14220;14016
29/5/2018;03:09:00;14200;14210
29/5/2018;03:10:00;14270;14141
29/5/2018;03:11:00;14210;14127
29/5/2018;03:12:00;14180;14058
29/5/2018;03:13:00;14150;14476
29/5/2018;03:14:00;14550;13989
29/5/2018;03:15:00;14130;14379
29/5/2018;03:16:00;14500;14286
29/5/2018;03:17:00;14650;14529
29/5/2018;03:18:00;14400;14299
29/5/2018;03:19:00;14490;14069
29/5/2018;03:20:00;14190;14092
29/5/2018;03:21:00;14200;13998
29/5/2018;03:22:00;14000;14069
29/5/2018;03:23:00;14120;14247
29/5/2018;03:24:00;14380;14000
29/5/2018;03:25:00;14050;14074
29/5/2018;03:26:00;14190;14214
29/5/2018;03:27:00;14270;13984
29/5/2018;03:28:00;14140;14195
29/5/2018;03:29:00;14230;14047
29/5/2018;03:30:00;14180;14158
29/5/2018;03:31:00;14320;14094
29/5/2018;03:32:00;14100;14223
29/5/2018;03:33:00;14420;14561
29/5/2018;03:34:00;14560;14067
29/5/2018;03:35:00;14150;14080
29/5/2018;03:36:00;14230;14308
29/5/2018;03:37:00;14390;13696
29/5/2018;03:38:00;13770;14451
29/5/2018;03:39:00;14580;13954
29/5/2018;03:40:00;14010;14017
29/5/2018;03:41:00;14190;14377
29/5/2018;03:42:00;14360;14368
29/5/2018;03:43:00;14480;14035
29/5/2018;03:44:00;14140;14130
29/5/2018;03:45:00;14240;14026
29/5/2018;03:46:00;14090;14109
29/5/2018;03:47:00;14230;14277
29/5/2018;03:48:00;14340;14327
29/5/2018;03:49:00;14570;14243
29/5/2018;03:50:00;14200;14087
29/5/2018;03:51:00;14270;14404
29/5/2018;03:52:00;14410;14088
29/5/2018;03:53:00;14240;14182
29/5/2018;03:54:00;14310;14571
29/5/2018;03:55:00;14710;14233
29/5/2018;03:56:00;14310;14223
29/5/2018;03:57:00;14250;14042
29/5/2018;03:58:00;14190;14067
29/5/2018;03:59:00;14190;14261
29/5/2018;04:00:00;14310;14379
29/5/2018;04:01:00;14550;13931
29/5/2018;04:02:00;14000;14217
29/5/2018;04:03:00;14350;14264
29/5/2018;04:04:00;14440;14092
29/5/2018;04:05:00;14090;13767
29/5/2018;04:06:00;13900;14257
29/5/2018;04:07:00;14250;13914
29/5/2018;04:08:00;14100;14180
29/5/2018;04:09:00;14300;14480
29/5/2018;04:10:00;14590;14053
29/5/2018;04:11:00;14110;14187
29/5/2018;04:12:00;14180;14034
29/5/2018;04:13:00;14220;14170
29/5/2018;04:14:00;14290;14372
29/5/2018;04:15:00;14410;14339
29/5/2018;04:16:00;14520;14219
29/5/2018;04:17:00;14290;13971
29/5/2018;04:18:00;14010;14171
29/5/2018;04:19:00;14310;14214
29/5/2018;04:20:00;14300;13743
29/5/2018;04:21:00;13850;14121
29/5/2018;04:22:00;14130;14640
29/5/2018;04:23:00;14780;14380
29/5/2018;04:24:00;14460;14091
29/5/2018;04:25:00;14270;14447
29/5/2018;04:26:00;14550;14115
29/5/2018;04:27:00;14140;14016
29/5/2018;04:28:00;14050;13936
29/5/2018;04:29:00;14020;14119
29/5/2018;04:30:00;14240;14168
29/5/2018;04:31:00;14300;13973
29/5/2018;04:32:00;14080;14030
29/5/2018;04:33:00;14100;14030
29/5/2018;04:34:00;14160;14094
29/5/2018;04:35:00;14210;14293
29/5/2018;04:36:00;14390;14482
29/5/2018;04:37:00;14590;14062
29/5/2018;04:38:00;14100;14324
29/5/2018;04:39:00;14440;14161
29/5/2018;04:40:00;14310;14541
29/5/2018;04:41:00;14660;14121
29/5/2018;04:42:00;14240;14388
29/5/2018;04:43:00;14460;14074
29/5/2018;04:44:00;14110;14225
29/5/2018;04:45:00;14390;14176
29/5/2018;04:46:00;14240;14296
29/5/2018;04:47:00;14280;13940
29/5/2018;04:48:00;14050;13823
29/5/2018;04:49:00;13980;14142
29/5/2018;04:50:00;14270;14433
29/5/2018;04:51:00;14600;14453
29/5/2018;04:52:00;14410;14085
29/5/2018;04:53:00;14150;14082
29/5/2018;04:54:00;14230;13782
29/5/2018;04:55:00;13910;14149
29/5/2018;04:56:00;14230;14422
29/5/2018;04:57:00;14480;14422
29/5/2018;04:58:00;14500;14353
29/5/2018;04:59:00;14380;14077
29/5/2018;05:00:00;14230;13951
29/5/2018;05:01:00;14010;14402
29/5/2018;05:02:00;14510;14178
29/5/2018;05:03:00;14370;14312
29/5/2018;05:04:00;14260;14143
29/5/2018;05:05:00;14290;13753
29/5/2018;05:06:00;13850;14100
29/5/2018;05:07:00;14250;14284
29/5/2018;05:08:00;14410;14421
29/5/2018;05:09:00;14460;14105
29/5/2018;05:10:00;14230;14206
29/5/2018;05:11:00;14280;14244
29/5/2018;05:12:00;14360;14553
29/5/2018;05:13:00;14510;14041
29/5/2018;05:14:00;14210;13858
29/5/2018;05:15:00;14020;14157
29/5/2018;05:16:00;14160;14243
29/5/2018;05:17:00;14370;13983
29/5/2018;05:18:00;14050;13868
29/5/2018;05:19:00;13990;13848
29/5/2018;05:20:00;13970;14251
29/5/2018;05:21:00;14340;13831
29/5/2018;05:22:00;13940;14203
29/5/2018;05:23:00;14240;14220
29/5/2018;05:24:00;14270;14039
29/5/2018;05:25:00;14220;14000
29/5/2018;05:26:00;14160;13963
29/5/2018;05:27:00;13980;14390
29/5/2018;05:28:00;14460;14192
29/5/2018;05:29:00;14300;14214
29/5/2018;05:30:00;14360;14382
29/5/2018;05:31:00;14460;14127
29/5/2018;05:32:00;14160;14555
29/5/2018;05:33:00;14650;14176
29/5/2018;05:34:00;14320;14321
29/5/2018;05:35:00;14350;14272
29/5/2018;05:36:00;14420;14289
29/5/2018;05:37:00;14370;14357
29/5/2018;05:38:00;14510;14323
29/5/2018;05:39:00;14370;14248
29/5/2018;05:40:00;14330;14182
29/5/2018;05:41:00;14280;14041
29/5/2018;05:42:00;14130;14216
29/5/2018;05:43:00;14320;14287
29/5/2018;05:44:00;14320;14501
29/5/2018;05:45:00;14680;14180
29/5/2018;05:46:00;14230;14318
29/5/2018;05:47:00;14390;14224
29/5/2018;05:48:00;14330;14089
29/5/2018;05:49:00;14170;13646
29/5/2018;05:50:00;13820;14219
29/5/2018;05:51:00;14280;14141
29/5/2018;05:52:00;14210;14117
29/5/2018;05:53:00;14310;14110
29/5/2018;05:54:00;14110;14399
29/5/2018;05:55:00;14520;14238
29/5/2018;05:56:00;14300;14131
29/5/2018;05:57:00;14390;14139
29/5/2018;05:58:00;14120;14343
29/5/2018;05:59:00;14400;14418
29/5/2018;06:00:00;14560;14297
29/5/2018;06:01:00;14340;13988
29/5/2018;06:02:00;14200;14151
29/5/2018;06:03:00;14300;14408
29/5/2018;06:04:00;14530;14162
29/5/2018;06:05:00;14240;14189
29/5/2018;06:06:00;14220;14053
29/5/2018;06:07:00;14230;14399
29/5/2018;06:08:00;14440;14127
29/5/2018;06:09:00;14310;14073
29/5/2018;06:10:00;14080;14628
29/5/2018;06:11:00;14630;14558
29/5/2018;06:12:00;14800;14331
29/5/2018;06:13:00;14420;14511
29/5/2018;06:14:00;14640;14484
29/5/2018;06:15:00;14690;14386
29/5/2018;06:16:00;14370;14159
29/5/2018;06:17:00;14300;14096
29/5/2018;06:18:00;14110;14171
29/5/2018;06:19:00;14280;14314
29/5/2018;06:20:00;14420;14327
29/5/2018;06:21:00;14370;14365
29/5/2018;06:22:00;14540;13997
29/5/2018;06:23:00;14050;14248
29/5/2018;06:24:00;14330;14200
29/5/2018;06:25:00;14350;14138
29/5/2018;06:26:00;14220;13894
29/5/2018;06:27:00;13970;14455
29/5/2018;06:28:00;14570;14461
29/5/2018;06:29:00;14530;14318
29/5/2018;06:30:00;14360;14427
29/5/2018;06:31:00;14540;14120
29/5/2018;06:32:00;14240;14036
29/5/2018;06:33:00;14140;13973
29/5/2018;06:34:00;14080;14270
29/5/2018;06:35:00;14340;14395
29/5/2018;06:36:00;14460;14028
29/5/2018;06:37:00;14170;14319
29/5/2018;06:38:00;14410;14270
29/5/2018;06:39:00;14360;14278
29/5/2018;06:40:00;14350;14208
29/5/2018;06:41:00;14320;14179
29/5/2018;06:42:00;14270;14117
29/5/2018;06:43:00;14210;14012
29/5/2018;06:44:00;14070;14118
29/5/2018;06:45:00;14230;14467
29/5/2018;06:46:00;14640;14695
29/5/2018;06:47:00;14690;14277
29/5/2018;06:48:00;14420;14275
29/5/2018;06:49:00;14320;14042
29/5/2018;06:50:00;14170;14159
29/5/2018;06:51:00;14250;14200
29/5/2018;06:52:00;14310;14582
29/5/2018;06:53:00;14700;14513
29/5/2018;06:54:00;14700;14150
29/5/2018;06:55:00;14280;14390
29/5/2018;06:56:00;14430;14108
29/5/2018;06:57:00;14160;14391
29/5/2018;06:58:00;14530;14295
29/5/2018;06:59:00;14410;14459
29/5/2018;07:00:00;14550;14128
29/5/2018;07:01:00;14220;14294
29/5/2018;07:02:00;14440;14194
29/5/2018;07:03:00;14230;14355
29/5/2018;07:04:00;14560;14032
29/5/2018;07:05:00;13990;14422
29/5/2018;07:06:00;14630;14030
29/5/2018;07:07:00;13990;14291
29/5/2018;07:08:00;14470;14387
29/5/2018;07:09:00;14490;14533
29/5/2018;07:10:00;14590;14297
29/5/2018;07:11:00;14420;13962
29/5/2018;07:12:00;14080;14318
29/5/2018;07:13:00;14460;14460
29/5/2018;07:14:00;14530;14263
29/5/2018;07:15:00;14390;14572
29/5/2018;07:16:00;14640;14140
29/5/2018;07:17:00;14270;14228
29/5/2018;07:18:00;14300;14267
29/5/2018;07:19:00;14420;14429
29/5/2018;07:20:00;14470;14240
29/5/2018;07:21:00;14480;14261
29/5/2018;07:22:00;14260;14003
29/5/2018;07:23:00;14040;14308
29/5/2018;07:24:00;14520;14220
29/5/2018;07:25:00;14260;14487
29/5/2018;07:26:00;14580;14216
29/5/2018;07:27:00;14370;14239
29/5/2018;07:28:00;14360;14225
29/5/2018;07:29:00;14280;14121
29/5/2018;07:30:00;14210;14305
29/5/2018;07:31:00;14440;14667
29/5/2018;07:32:00;14710;14132
29/5/2018;07:33:00;14270;14353
29/5/2018;07:34:00;14430;14327
29/5/2018;07:35:00;14460;14191
29/5/2018;07:36:00;14210;14403
29/5/2018;07:37:00;14600;14758
29/5/2018;07:38:00;14820;14416
29/5/2018;07:39:00;14560;14345
29/5/2018;07:40:00;14350;14120
29/5/2018;07:41:00;14300;14245
29/5/2018;07:42:00;14310;14330
29/5/2018;07:43:00;14430;14287
29/5/2018;07:44:00;14330;14440
29/5/2018;07:45:00;14590;14082
29/5/2018;07:46:00;14230;14534
29/5/2018;07:47:00;14600;14307
29/5/2018;07:48:00;14460;13801
29/5/2018;07:49:00;13890;14185
29/5/2018;07:50:00;14190;14293
29/5/2018;07:51:00;14450;14457
29/5/2018;07:52:00;14540;14434
29/5/2018;07:53:00;14500;14469
29/5/2018;07:54:00;14530;14250
29/5/2018;07:55:00;14460;14232
29/5/2018;07:56:00;14280;14460
29/5/2018;07:57:00;14630;14383
29/5/2018;07:58:00;14480;14384
29/5/2018;07:59:00;14470;14253
29/5/2018;08:00:00;14380;14320
29/5/2018;08:01:00;14410;14238
29/5/2018;08:02:00;14290;14513
29/5/2018;08:03:00;14580;14111
29/5/2018;08:04:00;14240;14273
29/5/2018;08:05:00;14340;14340
29/5/2018;08:06:00;14390;14735
29/5/2018;08:07:00;14970;14472
29/5/2018;08:08:00;14400;14228
29/5/2018;08:09:00;14420;14245
29/5/2018;08:10:00;14370;14303
29/5/2018;08:11:00;14440;14466
29/5/2018;08:12:00;14520;14296
29/5/2018;08:13:00;14380;14429
29/5/2018;08:14:00;14510;14226
29/5/2018;08:15:00;14290;14080
29/5/2018;08:16:00;14220;13919
29/5/2018;08:17:00;13980;14272
29/5/2018;08:18:00;14400;14026
29/5/2018;08:19:00;14070;14353
29/5/2018;08:20:00;14540;14469
29/5/2018;08:21:00;14510;14311
29/5/2018;08:22:00;14440;14321
29/5/2018;08:23:00;14470;14350
29/5/2018;08:24:00;14400;14487
29/5/2018;08:25:00;14670;14377
29/5/2018;08:26:00;14390;14546
29/5/2018;08:27:00;14630;14095
29/5/2018;08:28:00;14190;14069
29/5/2018;08:29:00;14190;14397
29/5/2018;08:30:00;14580;14308
29/5/2018;08:31:00;14350;14564
29/5/2018;08:32:00;14640;14704
29/5/2018;08:33:00;14750;14481
29/5/2018;08:34:00;14590;14166
29/5/2018;08:35:00;14300;14389
29/5/2018;08:36:00;14430;14538
29/5/2018;08:37:00;14650;14241
29/5/2018;08:38:00;14370;14370
29/5/2018;08:39:00;14420;14037
29/5/2018;08:40:00;14130;14347
29/5/2018;08:41:00;14450;14607
29/5/2018;08:42:00;14720;14365
29/5/2018;08:43:00;14480;14213
29/5/2018;08:44:00;14330;14171
29/5/2018;08:45:00;14200;13986
29/5/2018;08:46:00;14120;14558
29/5/2018;08:47:00;14690;14367
29/5/2018;08:48:00;14460;14229
29/5/2018;08:49:00;14290;14300
29/5/2018;08:50:00;14370;14229
29/5/2018;08:51:00;14350;14369
29/5/2018;08:52:00;14570;13954
29/5/2018;08:53:00;13920;14254
29/5/2018;08:54:00;14380;14092
29/5/2018;08:55:00;14250;14065
29/5/2018;08:56:00;14160;14345
29/5/2018;08:57:00;14520;14593
29/5/2018;08:58:00;14560;14311
29/5/2018;08:59:00;14510;14320
29/5/2018;09:00:00;14380;14309
29/5/2018;09:01:00;14450;14487
29/5/2018;09:02:00;14640;14595
29/5/2018;09:03:00;14640;14468
29/5/2018;09:04:00;14680;14670
29/5/2018;09:05:00;14610;14134
29/5/2018;09:06:00;14310;14550
29/5/2018;09:07:00;14620;14556
29/5/2018;09:08:00;14670;14387
29/5/2018;09:09:00;14420;14010
29/5/2018;09:10:00;14170;14250
29/5/2018;09:11:00;14330;14169
29/5/2018;09:12:00;14230;14204
29/5/2018;09:13:00;14380;14464
29/5/2018;09:14:00;14470;14278
29/5/2018;09:15:00;14430;14071
29/5/2018;09:16:00;14130;14503
29/5/2018;09:17:00;14620;14575
29/5/2018;09:18:00;14660;14304
29/5/2018;09:19:00;14440;14412
29/5/2018;09:20:00;14480;14243
29/5/2018;09:21:00;14490;14583
29/5/2018;09:22:00;14550;14190
29/5/2018;09:23:00;14390;14580
29/5/2018;09:24:00;14630;14239
29/5/2018;09:25:00;14290;14629
29/5/2018;09:26:00;14770;14452
29/5/2018;09:27:00;14620;14577
29/5/2018;09:28:00;14650;14456
29/5/2018;09:29:00;14560;14340
29/5/2018;09:30:00;14440;14651
29/5/2018;09:31:00;14750;14720
29/5/2018;09:32:00;14880;14401
29/5/2018;09:33:00;14390;14055
29/5/2018;09:34:00;14230;14383
29/5/2018;09:35:00;14460;14423
29/5/2018;09:36:00;14580;14297
29/5/2018;09:37:00;14250;14264
29/5/2018;09:38:00;14410;14380
29/5/2018;09:39:00;14510;14457
29/5/2018;09:40:00;14510;14513
29/5/2018;09:41:00;14600;14455
29/5/2018;09:42:00;14630;14212
29/5/2018;09:43:00;14150;14438
29/5/2018;09:44:00;14700;14410
29/5/2018;09:45:00;14470;14280
29/5/2018;09:46:00;14370;14706
29/5/2018;09:47:00;14820;14163
29/5/2018;09:48:00;14200;13791
29/5/2018;09:49:00;13860;14576
29/5/2018;09:50:00;14710;14666
29/5/2018;09:51:00;14730;13983
29/5/2018;09:52:00;14150;13884
29/5/2018;09:53:00;13960;14326
29/5/2018;09:54:00;14460;14459
29/5/2018;09:55:00;14500;14088
29/5/2018;09:56:00;14200;14178
29/5/2018;09:57:00;14190;14595
29/5/2018;09:58:00;14750;14484
29/5/2018;09:59:00;14590;14336
29/5/2018;10:00:00;14380;13797
29/5/2018;10:01:00;13950;14148
29/5/2018;10:02:00;14200;14321
29/5/2018;10:03:00;14430;14472
29/5/2018;10:04:00;14620;14360
29/5/2018;10:05:00;14370;14385
29/5/2018;10:06:00;14470;14278
29/5/2018;10:07:00;14520;14347
29/5/2018;10:08:00;14380;14609
29/5/2018;10:09:00;14750;14078
29/5/2018;10:10:00;14160;14314
29/5/2018;10:11:00;14440;14338
29/5/2018;10:12:00;14430;14425
29/5/2018;10:13:00;14500;14584
29/5/2018;10:14:00;14600;14328
29/5/2018;10:15:00;14460;14212
29/5/2018;10:16:00;14290;14145
29/5/2018;10:17:00;14240;13986
29/5/2018;10:18:00;14020;14143
29/5/2018;10:19:00;14300;14636
29/5/2018;10:20:00;14710;14204
29/5/2018;10:21:00;14310;14645
29/5/2018;10:22:00;14810;14331
29/5/2018;10:23:00;14330;14177
29/5/2018;10:24:00;14180;14570
29/5/2018;10:25:00;14690;14449
29/5/2018;10:26:00;14540;14693
29/5/2018;10:27:00;14830;14418
29/5/2018;10:28:00;14480;14601
29/5/2018;10:29:00;14740;14171
29/5/2018;10:30:00;14290;14468
29/5/2018;10:31:00;14570;14156
29/5/2018;10:32:00;14250;14340
29/5/2018;10:33:00;14440;14463
29/5/2018;10:34:00;14630;14321
29/5/2018;10:35:00;14340;13939
29/5/2018;10:36:00;14160;14640
29/5/2018;10:37:00;14660;14306
29/5/2018;10:38:00;14330;14537
29/5/2018;10:39:00;14710;14576
29/5/2018;10:40:00;14670;14361
29/5/2018;10:41:00;14440;14327
29/5/2018;10:42:00;14380;14080
29/5/2018;10:43:00;14080;14148
29/5/2018;10:44:00;14380;14083
29/5/2018;10:45:00;14170;14376
29/5/2018;10:46:00;14400;14288
29/5/2018;10:47:00;14500;14341
29/5/2018;10:48:00;14450;14440
29/5/2018;10:49:00;14520;14557
29/5/2018;10:50:00;14640;14311
29/5/2018;10:51:00;14370;14381
29/5/2018;10:52:00;14490;14330
29/5/2018;10:53:00;14360;14569
29/5/2018;10:54:00;14800;14055
29/5/2018;10:55:00;14040;14040
29/5/2018;10:56:00;14240;14812
29/5/2018;10:57:00;14860;14190
29/5/2018;10:58:00;14300;14543
29/5/2018;10:59:00;14680;14025
29/5/2018;11:00:00;14060;14434
29/5/2018;11:01:00;14570;14136
29/5/2018;11:02:00;14130;13995
29/5/2018;11:03:00;14190;14459
29/5/2018;11:04:00;14520;14442
29/5/2018;11:05:00;14570;14369
29/5/2018;11:06:00;14440;14319
29/5/2018;11:07:00;14510;14785
29/5/2018;11:08:00;14860;14567
29/5/2018;11:09:00;14600;14470
29/5/2018;11:10:00;14550;14350
29/5/2018;11:11:00;14450;14324
29/5/2018;11:12:00;14490;14202
29/5/2018;11:13:00;14240;14300
29/5/2018;11:14:00;14450;14483
29/5/2018;11:15:00;14510;14616
29/5/2018;11:16:00;14760;14161
29/5/2018;11:17:00;14220;14388
29/5/2018;11:18:00;14530;14515
29/5/2018;11:19:00;14630;14708
29/5/2018;11:20:00;14760;14598
29/5/2018;11:21:00;14760;14301
29/5/2018;11:22:00;14370;14370
29/5/2018;11:23:00;14450;14409
29/5/2018;11:24:00;14480;14429
29/5/2018;11:25:00;14460;14505
29/5/2018;11:26:00;14700;14300
29/5/2018;11:27:00;14420;14723
29/5/2018;11:28:00;14820;14372
29/5/2018;11:29:00;14430;14485
29/5/2018;11:30:00;14650;14068
29/5/2018;11:31:00;14110;14053
29/5/2018;11:32:00;14200;14267
29/5/2018;11:33:00;14320;13416
29/5/2018;11:34:00;13530;14406
29/5/2018;11:35:00;14460;14185
29/5/2018;11:36:00;14360;14021
29/5/2018;11:37:00;14050;14227
29/5/2018;11:38:00;14310;14296
29/5/2018;11:39:00;14450;14467
29/5/2018;11:40:00;14530;14338
29/5/2018;11:41:00;14470;14708
29/5/2018;11:42:00;14840;14632
29/5/2018;11:43:00;14740;14526
29/5/2018;11:44:00;14610;14645
29/5/2018;11:45:00;14830;14083
29/5/2018;11:46:00;14070;14388
29/5/2018;11:47:00;14610;14235
29/5/2018;11:48:00;14350;14158
29/5/2018;11:49:00;14180;14240
29/5/2018;11:50:00;14260;14319
29/5/2018;11:51:00;14490;14652
29/5/2018;11:52:00;14770;14556
29/5/2018;11:53:00;14690;14142
29/5/2018;11:54:00;14170;14193
29/5/2018;11:55:00;14320;14240
29/5/2018;11:56:00;14250;14253
29/5/2018;11:57:00;14390;14419
29/5/2018;11:58:00;14570;14534
29/5/2018;11:59:00;14600;14335
29/5/2018;12:00:00;14440;14245
29/5/2018;12:01:00;14350;14606
29/5/2018;12:02:00;14770;13953
29/5/2018;12:03:00;14080;14534
29/5/2018;12:04:00;14660;14295
29/5/2018;12:05:00;14450;14262
29/5/2018;12:06:00;14130;14364
29/5/2018;12:07:00;14440;14339
29/5/2018;12:08:00;14580;14473
29/5/2018;12:09:00;14560;14401
29/5/2018;12:10:00;14480;14545
29/5/2018;12:11:00;14660;14385
29/5/2018;12:12:00;14540;14251
29/5/2018;12:13:00;14370;14513
29/5/2018;12:14:00;14680;14293
29/5/2018;12:15:00;14280;14591
29/5/2018;12:16:00;14680;14396
29/5/2018;12:17:00;14500;14269
29/5/2018;12:18:00;14440;14161
29/5/2018;12:19:00;14220;14376
29/5/2018;12:20:00;14530;14167
29/5/2018;12:21:00;14330;14339
29/5/2018;12:22:00;14320;14085
29/5/2018;12:23:00;14250;14647
29/5/2018;12:24:00;14730;14322
29/5/2018;12:25:00;14430;14365
29/5/2018;12:26:00;14470;14201
29/5/2018;12:27:00;14290;14229
29/5/2018;12:28:00;14300;14434
29/5/2018;12:29:00;14630;14314
29/5/2018;12:30:00;14380;14011
29/5/2018;12:31:00;14140;14394
29/5/2018;12:32:00;14470;14539
29/5/2018;12:33:00;14730;14117
29/5/2018;12:34:00;14170;14242
29/5/2018;12:35:00;14260;14184
29/5/2018;12:36:00;14300;14232
29/5/2018;12:37:00;14350;14539
29/5/2018;12:38:00;14640;14247
29/5/2018;12:39:00;14340;14129
29/5/2018;12:40:00;14310;14273
29/5/2018;12:41:00;14350;14314
29/5/2018;12:42:00;14410;14422
29/5/2018;12:43:00;14510;14258
29/5/2018;12:44:00;14450;14492
29/5/2018;12:45:00;14580;14187
29/5/2018;12:46:00;14230;14527
29/5/2018;12:47:00;14620;14513
29/5/2018;12:48:00;14660;14055
29/5/2018;12:49:00;14160;14402
29/5/2018;12:50:00;14590;14117
29/5/2018;12:51:00;14110;14325
29/5/2018;12:52:00;14410;14767
29/5/2018;12:53:00;14900;14424
29/5/2018;12:54:00;14540;14229
29/5/2018;12:55:00;14350;14328
29/5/2018;12:56:00;14390;14146
29/5/2018;12:57:00;14250;14053
29/5/2018;12:58:00;14200;14203
29/5/2018;12:59:00;14210;13940
29/5/2018;13:00:00;14070;14030
29/5/2018;13:01:00;14220;14324
29/5/2018;13:02:00;14330;14379
29/5/2018;13:03:00;14480;14253
29/5/2018;13:04:00;14360;14478
29/5/2018;13:05:00;14640;13775
29/5/2018;13:06:00;13860;14538
29/5/2018;13:07:00;14630;14309
29/5/2018;13:08:00;14400;14155
29/5/2018;13:09:00;14280;14318
29/5/2018;13:10:00;14460;13986
29/5/2018;13:11:00;14020;14051
29/5/2018;13:12:00;14060;14264
29/5/2018;13:13:00;14400;13951
29/5/2018;13:14:00;14100;14438
29/5/2018;13:15:00;14470;14089
29/5/2018;13:16:00;14270;14306
29/5/2018;13:17:00;14360;14344
29/5/2018;13:18:00;14450;14409
29/5/2018;13:19:00;14470;13993
29/5/2018;13:20:00;14060;13958
29/5/2018;13:21:00;14100;14058
29/5/2018;13:22:00;14190;14180
29/5/2018;13:23:00;14260;14149
29/5/2018;13:24:00;14280;14166
29/5/2018;13:25:00;14260;14460
29/5/2018;13:26:00;14500;14492
29/5/2018;13:27:00;14670;13842
29/5/2018;13:28:00;13930;14295
29/5/2018;13:29:00;14310;14394
29/5/2018;13:30:00;14580;14237
29/5/2018;13:31:00;14320;14492
29/5/2018;13:32:00;14620;14181
29/5/2018;13:33:00;14170;14320
29/5/2018;13:34:00;14540;14200
29/5/2018;13:35:00;14210;14244
29/5/2018;13:36:00;14380;14254
29/5/2018;13:37:00;14270;13857
29/5/2018;13:38:00;14050;14144
29/5/2018;13:39:00;14200;14179
29/5/2018;13:40:00;14290;14366
29/5/2018;13:41:00;14480;14258
29/5/2018;13:42:00;14340;14360
29/5/2018;13:43:00;14460;14888
29/5/2018;13:44:00;15100;14398
29/5/2018;13:45:00;14370;14170
29/5/2018;13:46:00;14250;14482
29/5/2018;13:47:00;14640;14430
29/5/2018;13:48:00;14570;14417
29/5/2018;13:49:00;14350;14411
29/5/2018;13:50:00;14580;14550
29/5/2018;13:51:00;14690;14494
29/5/2018;13:52:00;14610;14068
29/5/2018;13:53:00;14190;14109
29/5/2018;13:54:00;14140;14293
29/5/2018;13:55:00;14390;14288
29/5/2018;13:56:00;14400;14021
29/5/2018;13:57:00;14120;14390
29/5/2018;13:58:00;14470;14416
29/5/2018;13:59:00;14480;14231
29/5/2018;14:00:00;14320;14013
29/5/2018;14:01:00;14080;14308
29/5/2018;14:02:00;14470;14248
29/5/2018;14:03:00;14380;14465
29/5/2018;14:04:00;14570;14288
29/5/2018;14:05:00;14450;14267
29/5/2018;14:06:00;14300;14176
29/5/2018;14:07:00;14260;14101
29/5/2018;14:08:00;14240;14242
29/5/2018;14:09:00;14370;13979
29/5/2018;14:10:00;14030;14005
29/5/2018;14:11:00;14140;14145
29/5/2018;14:12:00;14200;13884
29/5/2018;14:13:00;14030;14014
29/5/2018;14:14:00;14140;14155
29/5/2018;14:15:00;14190;14354
29/5/2018;14:16:00;14440;14070
29/5/2018;14:17:00;14220;13804
29/5/2018;14:18:00;13870;14007
29/5/2018;14:19:00;14190;14197
29/5/2018;14:20:00;14190;14053
29/5/2018;14:21:00;14150;13931
29/5/2018;14:22:00;14030;13593
29/5/2018;14:23:00;13780;14026
29/5/2018;14:24:00;14050;14037
29/5/2018;14:25:00;14120;14583
29/5/2018;14:26:00;14620;14128
29/5/2018;14:27:00;14290;14608
29/5/2018;14:28:00;14730;14134
29/5/2018;14:29:00;14170;13858
29/5/2018;14:30:00;14020;14240
29/5/2018;14:31:00;14320;14073
29/5/2018;14:32:00;14130;14215
29/5/2018;14:33:00;14460;14322
29/5/2018;14:34:00;14350;14475
29/5/2018;14:35:00;14540;14114
29/5/2018;14:36:00;14210;14370
29/5/2018;14:37:00;14450;14238
29/5/2018;14:38:00;14460;14344
29/5/2018;14:39:00;14410;14145
29/5/2018;14:40:00;14120;14234
29/5/2018;14:41:00;14310;14062
29/5/2018;14:42:00;14330;14380
29/5/2018;14:43:00;14410;14194
29/5/2018;14:44:00;14230;14476
29/5/2018;14:45:00;14620;14433
29/5/2018;14:46:00;14530;13886
29/5/2018;14:47:00;13970;14019
29/5/2018;14:48:00;14100;14080
29/5/2018;14:49:00;14290;14256
29/5/2018;14:50:00;14340;14165
29/5/2018;14:51:00;14210;14064
29/5/2018;14:52:00;14110;14188
29/5/2018;14:53:00;14300;14260
29/5/2018;14:54:00;14360;13920
29/5/2018;14:55:00;14030;14055
29/5/2018;14:56:00;14110;14143
29/5/2018;14:57:00;14270;14102
29/5/2018;14:58:00;14190;14816
29/5/2018;14:59:00;14990;14168
29/5/2018;15:00:00;14140;13991
29/5/2018;15:01:00;14120;13833
29/5/2018;15:02:00;14010;14172
29/5/2018;15:03:00;14180;13974
29/5/2018;15:04:00;14130;14044
29/5/2018;15:05:00;14130;14345
29/5/2018;15:06:00;14490;14372
29/5/2018;15:07:00;14450;14189
29/5/2018;15:08:00;14370;14330
29/5/2018;15:09:00;14360;14225
29/5/2018;15:10:00;14320;14209
29/5/2018;15:11:00;14340;14352
29/5/2018;15:12:00;14460;14611
29/5/2018;15:13:00;14710;14480
29/5/2018;15:14:00;14520;14203
29/5/2018;15:15:00;14380;14060
29/5/2018;15:16:00;14150;14282
29/5/2018;15:17:00;14360;13830
29/5/2018;15:18:00;13890;14134
29/5/2018;15:19:00;14260;14402
29/5/2018;15:20:00;14550;14153
29/5/2018;15:21:00;14260;14080
29/5/2018;15:22:00;14090;14190
29/5/2018;15:23:00;14330;13971
29/5/2018;15:24:00;14180;14364
29/5/2018;15:25:00;14380;14316
29/5/2018;15:26:00;14400;13953
29/5/2018;15:27:00;14030;13883
29/5/2018;15:28:00;14080;14245
29/5/2018;15:29:00;14330;14363
29/5/2018;15:30:00;14390;14232
29/5/2018;15:31:00;14380;14347
29/5/2018;15:32:00;14360;13848
29/5/2018;15:33:00;13900;13796
29/5/2018;15:34:00;13870;14152
29/5/2018;15:35:00;14320;14388
29/5/2018;15:36:00;14510;14176
29/5/2018;15:37:00;14220;13859
29/5/2018;15:38:00;13990;14191
29/5/2018;15:39:00;14370;14300
29/5/2018;15:40:00;14340;14758
29/5/2018;15:41:00;14830;14371
29/5/2018;15:42:00;14530;14281
29/5/2018;15:43:00;14250;14069
29/5/2018;15:44:00;14240;14087
29/5/2018;15:45:00;14170;14342
29/5/2018;15:46:00;14510;13918
29/5/2018;15:47:00;13970;13882
29/5/2018;15:48:00;14000;13992
29/5/2018;15:49:00;14130;14157
29/5/2018;15:50:00;14260;14501
29/5/2018;15:51:00;14570;13778
29/5/2018;15:52:00;14030;14409
29/5/2018;15:53:00;14460;14482
29/5/2018;15:54:00;14560;14468
29/5/2018;15:55:00;14610;14626
29/5/2018;15:56:00;14620;14313
29/5/2018;15:57:00;14460;14255
29/5/2018;15:58:00;14280;14058
29/5/2018;15:59:00;14230;14162
29/5/2018;16:00:00;14360;14507
29/5/2018;16:01:00;14570;14385
29/5/2018;16:02:00;14400;14426
29/5/2018;16:03:00;14480;14280
29/5/2018;16:04:00;14310;14451
29/5/2018;16:05:00;14690;14216
29/5/2018;16:06:00;14350;14191
29/5/2018;16:07:00;14200;14199
29/5/2018;16:08:00;14300;13839
29/5/2018;16:09:00;13930;14307
29/5/2018;16:10:00;14380;14039
29/5/2018;16:11:00;14230;14422
29/5/2018;16:12:00;14390;14428
29/5/2018;16:13:00;14570;14550
29/5/2018;16:14:00;14630;14354
29/5/2018;16:15:00;14530;14054
29/5/2018;16:16:00;14170;14126
29/5/2018;16:17:00;14260;14552
29/5/2018;16:18:00;14650;13988
29/5/2018;16:19:00;14000;13915
29/5/2018;16:20:00;13990;13982
29/5/2018;16:21:00;14090;14215
29/5/2018;16:22:00;14330;14362
29/5/2018;16:23:00;14500;14017
29/5/2018;16:24:00;14090;14272
29/5/2018;16:25:00;14430;14074
29/5/2018;16:26:00;14170;14170
29/5/2018;16:27:00;14250;14327
29/5/2018;16:28:00;14440;14457
29/5/2018;16:29:00;14600;14394
29/5/2018;16:30:00;14500;14246
29/5/2018;16:31:00;14280;14044
29/5/2018;16:32:00;14200;14075
29/5/2018;16:33:00;14140;14494
29/5/2018;16:34:00;14590;14228
29/5/2018;16:35:00;14250;14242
29/5/2018;16:36:00;14420;14130
29/5/2018;16:37:00;14250;14395
29/5/2018;16:38:00;14510;13782
29/5/2018;16:39:00;13920;14604
29/5/2018;16:40:00;14730;14392
29/5/2018;16:41:00;14400;14145
29/5/2018;16:42:00;14330;14329
29/5/2018;16:43:00;14350;14205
29/5/2018;16:44:00;14300;14074
29/5/2018;16:45:00;14170;14032
29/5/2018;16:46:00;14020;14162
29/5/2018;16:47:00;14360;14280
29/5/2018;16:48:00;14320;14188
29/5/2018;16:49:00;14370;14347
29/5/2018;16:50:00;14450;14199
29/5/2018;16:51:00;14400;14039
29/5/2018;16:52:00;14090;14295
29/5/2018;16:53:00;14400;14332
29/5/2018;16:54:00;14340;14170
29/5/2018;16:55:00;14370;14028
29/5/2018;16:56:00;14090;14558
29/5/2018;16:57:00;14630;13845
29/5/2018;16:58:00;13890;13988
29/5/2018;16:59:00;14080;13987
29/5/2018;17:00:00;14090;14120
29/5/2018;17:01:00;14210;14366
29/5/2018;17:02:00;14470;13998
29/5/2018;17:03:00;14150;14159
29/5/2018;17:04:00;14310;14474
29/5/2018;17:05:00;14530;13789
29/5/2018;17:06:00;13930;14158
29/5/2018;17:07:00;14160;14354
29/5/2018;17:08:00;14480;14724
29/5/2018;17:09:00;14770;14090
29/5/2018;17:10:00;14250;14272
29/5/2018;17:11:00;14460;14645
29/5/2018;17:12:00;14630;14189
29/5/2018;17:13:00;14280;14446
29/5/2018;17:14:00;14610;14098
29/5/2018;17:15:00;14200;14753
29/5/2018;17:16:00;14810;14125
29/5/2018;17:17:00;14220;14610
29/5/2018;17:18:00;14710;14602
29/5/2018;17:19:00;14710;14306
29/5/2018;17:20:00;14400;14192
29/5/2018;17:21:00;14320;14579
29/5/2018;17:22:00;14630;14247
29/5/2018;17:23:00;14320;14579
29/5/2018;17:24:00;14700;13988
29/5/2018;17:25:00;14150;14216
29/5/2018;17:26:00;14320;14005
29/5/2018;17:27:00;14100;14320
29/5/2018;17:28:00;14410;14259
29/5/2018;17:29:00;14280;14409
29/5/2018;17:30:00;14570;14337
29/5/2018;17:31:00;14400;13872
29/5/2018;17:32:00;13990;13989
29/5/2018;17:33:00;14230;14271
29/5/2018;17:34:00;14260;14311
29/5/2018;17:35:00;14310;14347
29/5/2018;17:36:00;14440;14349
29/5/2018;17:37:00;14500;14381
29/5/2018;17:38:00;14480;14305
29/5/2018;17:39:00;14450;14572
29/5/2018;17:40:00;14690;14351
29/5/2018;17:41:00;14490;14300
29/5/2018;17:42:00;14320;14228
29/5/2018;17:43:00;14330;14503
29/5/2018;17:44:00;14700;14477
29/5/2018;17:45:00;14580;14373
29/5/2018;17:46:00;14340;14346
29/5/2018;17:47:00;14540;14137
29/5/2018;17:48:00;14220;14496
29/5/2018;17:49:00;14580;14590
29/5/2018;17:50:00;14660;14147
29/5/2018;17:51:00;14400;14460
29/5/2018;17:52:00;14420;14183
29/5/2018;17:53:00;14310;14128
29/5/2018;17:54:00;14210;14646
29/5/2018;17:55:00;14690;14173
29/5/2018;17:56:00;14430;14578
29/5/2018;17:57:00;14580;14080
29/5/2018;17:58:00;14250;14200
29/5/2018;17:59:00;14260;14114
29/5/2018;18:00:00;14260;14296
29/5/2018;18:01:00;14310;14038
29/5/2018;18:02:00;14100;14126
29/5/2018;18:03:00;14320;14538
29/5/2018;18:04:00;14600;13993
29/5/2018;18:05:00;14170;14251
29/5/2018;18:06:00;14310;14499
29/5/2018;18:07:00;14650;14715
29/5/2018;18:08:00;14830;14354
29/5/2018;18:09:00;14420;14438
29/5/2018;18:10:00;14510;14657
29/5/2018;18:11:00;14770;14072
29/5/2018;18:12:00;14200;14279
29/5/2018;18:13:00;14390;14718
29/5/2018;18:14:00;14820;14179
29/5/2018;18:15:00;14200;14252
29/5/2018;18:16:00;14400;14176
29/5/2018;18:17:00;14200;14147
29/5/2018;18:18:00;14250;14173
29/5/2018;18:19:00;14350;14396
29/5/2018;18:20:00;14490;14252
29/5/2018;18:21:00;14380;14262
29/5/2018;18:22:00;14340;14529
29/5/2018;18:23:00;14640;14319
29/5/2018;18:24:00;14400;14400
29/5/2018;18:25:00;14480;14309
29/5/2018;18:26:00;14500;14072
29/5/2018;18:27:00;14110;14295
29/5/2018;18:28:00;14510;14457
29/5/2018;18:29:00;14440;14492
29/5/2018;18:30:00;14690;13930
29/5/2018;18:31:00;13970;14318
29/5/2018;18:32:00;14380;14363
29/5/2018;18:33:00;14440;14111
29/5/2018;18:34:00;14190;14081
29/5/2018;18:35:00;14190;14196
29/5/2018;18:36:00;14360;14330
29/5/2018;18:37:00;14370;14407
29/5/2018;18:38:00;14520;14028
29/5/2018;18:39:00;14080;14500
29/5/2018;18:40:00;14700;14489
29/5/2018;18:41:00;14560;14366
29/5/2018;18:42:00;14440;14267
29/5/2018;18:43:00;14340;14208
29/5/2018;18:44:00;14380;14356
29/5/2018;18:45:00;14450;14260
29/5/2018;18:46:00;14400;14598
29/5/2018;18:47:00;14660;14346
29/5/2018;18:48:00;14360;14315
29/5/2018;18:49:00;14480;14462
29/5/2018;18:50:00;14550;14420
29/5/2018;18:51:00;14590;14387
29/5/2018;18:52:00;14430;14124
29/5/2018;18:53:00;14310;14255
29/5/2018;18:54:00;14380;14425
29/5/2018;18:55:00;14520;14626
29/5/2018;18:56:00;14750;14708
29/5/2018;18:57:00;14800;14372
29/5/2018;18:58:00;14430;14004
29/5/2018;18:59:00;14140;14167
29/5/2018;19:00:00;14280;14523
29/5/2018;19:01:00;14580;14550
29/5/2018;19:02:00;14660;14220
29/5/2018;19:03:00;14340;14187
29/5/2018;19:04:00;14350;14300
29/5/2018;19:05:00;14340;14373
29/5/2018;19:06:00;14480;14543
29/5/2018;19:07:00;14560;14208
29/5/2018;19:08:00;14450;14663
29/5/2018;19:09:00;14720;14172
29/5/2018;19:10:00;14300;14254
29/5/2018;19:11:00;14350;14014
29/5/2018;19:12:00;14070;14637
29/5/2018;19:13:00;14760;14105
29/5/2018;19:14:00;14170;14464
29/5/2018;19:15:00;14670;14382
29/5/2018;19:16:00;14360;14150
29/5/2018;19:17:00;14270;14181
29/5/2018;19:18:00;14230;14265
29/5/2018;19:19:00;14360;14097
29/5/2018;19:20:00;14320;14396
29/5/2018;19:21:00;14430;14069
29/5/2018;19:22:00;14170;14216
29/5/2018;19:23:00;14320;14206
29/5/2018;19:24:00;14280;14135
29/5/2018;19:25:00;14230;14204
29/5/2018;19:26:00;14410;14237
29/5/2018;19:27:00;14280;14278
29/5/2018;19:28:00;14460;14517
29/5/2018;19:29:00;14550;14324
29/5/2018;19:30:00;14450;14255
29/5/2018;19:31:00;14390;13833
29/5/2018;19:32:00;13840;14751
29/5/2018;19:33:00;15050;14760
29/5/2018;19:34:00;14730;14432
29/5/2018;19:35:00;14610;14250
29/5/2018;19:36:00;14300;14213
29/5/2018;19:37:00;14180;14774
29/5/2018;19:38:00;15070;14474
29/5/2018;19:39:00;14480;14219
29/5/2018;19:40:00;14320;14228
29/5/2018;19:41:00;14320;14803
29/5/2018;19:42:00;14920;14444
29/5/2018;19:43:00;14470;14287
29/5/2018;19:44:00;14460;14419
29/5/2018;19:45:00;14530;14414
29/5/2018;19:46:00;14510;14429
29/5/2018;19:47:00;14470;14278
29/5/2018;19:48:00;14460;14590
29/5/2018;19:49:00;14630;14343
29/5/2018;19:50:00;14410;14458
29/5/2018;19:51:00;14690;14552
29/5/2018;19:52:00;14520;14319
29/5/2018;19:53:00;14440;14413
29/5/2018;19:54:00;14500;14491
29/5/2018;19:55:00;14620;14465
29/5/2018;19:56:00;14580;14596
29/5/2018;19:57:00;14700;14515
29/5/2018;19:58:00;14630;14259
29/5/2018;19:59:00;14450;14405
29/5/2018;20:00:00;14360;14315
29/5/2018;20:01:00;14390;14553
29/5/2018;20:02:00;14720;14024
29/5/2018;20:03:00;14130;14539
29/5/2018;20:04:00;14620;14348
29/5/2018;20:05:00;14450;15142
29/5/2018;20:06:00;15220;14830
29/5/2018;20:07:00;14930;14452
29/5/2018;20:08:00;14570;14349
29/5/2018;20:09:00;14400;14373
29/5/2018;20:10:00;14540;14489
29/5/2018;20:11:00;14700;14648
29/5/2018;20:12:00;14620;14487
29/5/2018;20:13:00;14630;14726
29/5/2018;20:14:00;14740;14221
29/5/2018;20:15:00;14370;14345
29/5/2018;20:16:00;14450;14507
29/5/2018;20:17:00;14680;14635
29/5/2018;20:18:00;14620;14500
29/5/2018;20:19:00;14610;14414
29/5/2018;20:20:00;14610;14535
29/5/2018;20:21:00;14660;14620
29/5/2018;20:22:00;14690;14554
29/5/2018;20:23:00;14700;14465
29/5/2018;20:24:00;14580;14210
29/5/2018;20:25:00;14260;14417
29/5/2018;20:26:00;14530;14595
29/5/2018;20:27:00;14640;14424
29/5/2018;20:28:00;14580;14518
29/5/2018;20:29:00;14640;14240
29/5/2018;20:30:00;14260;14040
29/5/2018;20:31:00;14180;14429
29/5/2018;20:32:00;14560;14420
29/5/2018;20:33:00;14440;14156
29/5/2018;20:34:00;14350;14332
29/5/2018;20:35:00;14340;14378
29/5/2018;20:36:00;14490;14129
29/5/2018;20:37:00;14280;14312
29/5/2018;20:38:00;14350;14327
29/5/2018;20:39:00;14400;14199
29/5/2018;20:40:00;14280;14646
29/5/2018;20:41:00;14770;14520
29/5/2018;20:42:00;14650;14415
29/5/2018;20:43:00;14550;14638
29/5/2018;20:44:00;14750;14533
29/5/2018;20:45:00;14550;14161
29/5/2018;20:46:00;14270;14689
29/5/2018;20:47:00;14800;14489
29/5/2018;20:48:00;14530;14634
29/5/2018;20:49:00;14770;14405
29/5/2018;20:50:00;14610;14494
29/5/2018;20:51:00;14520;14141
29/5/2018;20:52:00;14220;14538
29/5/2018;20:53:00;14700;14628
29/5/2018;20:54:00;14680;14680
29/5/2018;20:55:00;14760;14509
29/5/2018;20:56:00;14660;14232
29/5/2018;20:57:00;14310;14428
29/5/2018;20:58:00;14620;14455
29/5/2018;20:59:00;14530;14686
29/5/2018;21:00:00;14720;14414
29/5/2018;21:01:00;14530;14241
29/5/2018;21:02:00;14350;14383
29/5/2018;21:03:00;14410;14394
29/5/2018;21:04:00;14510;14859
29/5/2018;21:05:00;14970;14713
29/5/2018;21:06:00;14810;14636
29/5/2018;21:07:00;14740;14750
29/5/2018;21:08:00;14860;14715
29/5/2018;21:09:00;14870;14637
29/5/2018;21:10:00;14750;14475
29/5/2018;21:11:00;14550;14573
29/5/2018;21:12:00;14680;14834
29/5/2018;21:13:00;14930;14276
29/5/2018;21:14:00;14350;14338
29/5/2018;21:15:00;14480;14567
29/5/2018;21:16:00;14710;14268
29/5/2018;21:17:00;14300;14552
29/5/2018;21:18:00;14740;14602
29/5/2018;21:19:00;14690;14549
29/5/2018;21:20:00;14550;14446
29/5/2018;21:21:00;14600;14533
29/5/2018;21:22:00;14660;14450
29/5/2018;21:23:00;14480;14826
29/5/2018;21:24:00;14900;14581
29/5/2018;21:25:00;14720;14148
29/5/2018;21:26:00;14210;14706
29/5/2018;21:27:00;14930;14377
29/5/2018;21:28:00;14340;14697
29/5/2018;21:29:00;14820;14706
29/5/2018;21:30:00;14840;14849
29/5/2018;21:31:00;14880;14445
29/5/2018;21:32:00;14560;14566
29/5/2018;21:33:00;14650;14073
29/5/2018;21:34:00;14150;14719
29/5/2018;21:35:00;14850;14387
29/5/2018;21:36:00;14520;14441
29/5/2018;21:37:00;14520;14576
29/5/2018;21:38:00;14610;14628
29/5/2018;21:39:00;14690;14186
29/5/2018;21:40:00;14390;14574
29/5/2018;21:41:00;14720;14459
29/5/2018;21:42:00;14400;14545
29/5/2018;21:43:00;14710;14471
29/5/2018;21:44:00;14570;14599
29/5/2018;21:45:00;14720;14196
29/5/2018;21:46:00;14250;14800
29/5/2018;21:47:00;14870;14402
29/5/2018;21:48:00;14520;14504
29/5/2018;21:49:00;14590;14554
29/5/2018;21:50:00;14640;14066
29/5/2018;21:51:00;14280;14484
29/5/2018;21:52:00;14610;14452
29/5/2018;21:53:00;14480;14885
29/5/2018;21:54:00;14980;14433
29/5/2018;21:55:00;14500;14602
29/5/2018;21:56:00;14690;14470
29/5/2018;21:57:00;14600;14370
29/5/2018;21:58:00;14420;14752
29/5/2018;21:59:00;15010;14536
29/5/2018;22:00:00;14550;14261
29/5/2018;22:01:00;14300;14274
29/5/2018;22:02:00;14440;14358
29/5/2018;22:03:00;14430;14495
29/5/2018;22:04:00;14620;14581
29/5/2018;22:05:00;14740;14163
29/5/2018;22:06:00;14300;14304
29/5/2018;22:07:00;14460;14492
29/5/2018;22:08:00;14560;14989
29/5/2018;22:09:00;15000;14645
29/5/2018;22:10:00;14790;14570
29/5/2018;22:11:00;14690;14770
29/5/2018;22:12:00;14870;14400
29/5/2018;22:13:00;14530;14567
29/5/2018;22:14:00;14580;14469
29/5/2018;22:15:00;14660;14812
29/5/2018;22:16:00;14940;14604
29/5/2018;22:17:00;14580;14424
29/5/2018;22:18:00;14650;14380
29/5/2018;22:19:00;14400;14556
29/5/2018;22:20:00;14700;14565
29/5/2018;22:21:00;14720;14504
29/5/2018;22:22:00;14510;14541
29/5/2018;22:23:00;14630;14915
29/5/2018;22:24:00;15090;14654
29/5/2018;22:25:00;14770;14555
29/5/2018;22:26:00;14610;14530
29/5/2018;22:27:00;14640;14701
29/5/2018;22:28:00;14820;14534
29/5/2018;22:29:00;14610;14514
29/5/2018;22:30:00;14680;14503
29/5/2018;22:31:00;14630;14785
29/5/2018;22:32:00;14820;14369
29/5/2018;22:33:00;14360;14505
29/5/2018;22:34:00;14810;14707
29/5/2018;22:35:00;14800;14630
29/5/2018;22:36:00;14620;14845
29/5/2018;22:37:00;15070;14735
29/5/2018;22:38:00;14810;14739
29/5/2018;22:39:00;14770;14136
29/5/2018;22:40:00;14280;14503
29/5/2018;22:41:00;14590;14388
29/5/2018;22:42:00;14520;14422
29/5/2018;22:43:00;14470;14362
29/5/2018;22:44:00;14450;14556
29/5/2018;22:45:00;14700;14672
29/5/2018;22:46:00;14760;14610
29/5/2018;22:47:00;14690;14821
29/5/2018;22:48:00;15000;14921
29/5/2018;22:49:00;14970;14494
29/5/2018;22:50:00;14670;14173
29/5/2018;22:51:00;14260;14505
29/5/2018;22:52:00;14550;14775
29/5/2018;22:53:00;14950;14390
29/5/2018;22:54:00;14540;14732
29/5/2018;22:55:00;14820;14940
29/5/2018;22:56:00;15030;14249
29/5/2018;22:57:00;14330;14234
29/5/2018;22:58:00;14350;14626
29/5/2018;22:59:00;14630;14141
29/5/2018;23:00:00;14260;14294
29/5/2018;23:01:00;14450;14377
29/5/2018;23:02:00;14520;14578
29/5/2018;23:03:00;14640;14572
29/5/2018;23:04:00;14650;14463
29/5/2018;23:05:00;14640;14847
29/5/2018;23:06:00;14790;14569
29/5/2018;23:07:00;14730;14043
29/5/2018;23:08:00;14240;14343
29/5/2018;23:09:00;14470;14644
29/5/2018;23:10:00;14690;14863
29/5/2018;23:11:00;14950;14423
29/5/2018;23:12:00;14590;14222
29/5/2018;23:13:00;14210;14342
29/5/2018;23:14:00;14430;14536
29/5/2018;23:15:00;14670;14656
29/5/2018;23:16:00;14860;14442
29/5/2018;23:17:00;14430;14207
29/5/2018;23:18:00;14370;14200
29/5/2018;23:19:00;14230;14170
29/5/2018;23:20:00;14320;14792
29/5/2018;23:21:00;14890;14518
29/5/2018;23:22:00;14620;14743
29/5/2018;23:23:00;14900;14334
29/5/2018;23:24:00;14320;14507
29/5/2018;23:25:00;14610;14527
29/5/2018;23:26:00;14690;14857
29/5/2018;23:27:00;14900;14715
29/5/2018;23:28:00;14850;14707
29/5/2018;23:29:00;14800;14549
29/5/2018;23:30:00;14620;14582
29/5/2018;23:31:00;14620;14543
29/5/2018;23:32:00;14760;14500
29/5/2018;23:33:00;14580;14657
29/5/2018;23:34:00;14710;14353
29/5/2018;23:35:00;14550;14747
29/5/2018;23:36:00;14820;14740
29/5/2018;23:37:00;14860;14583
29/5/2018;23:38:00;14670;14597
29/5/2018;23:39:00;14710;14768
29/5/2018;23:40:00;14760;14141
29/5/2018;23:41:00;14300;14278
29/5/2018;23:42:00;14380;14606
29/5/2018;23:43:00;14730;14900
29/5/2018;23:44:00;14910;14690
29/5/2018;23:45:00;14830;14389
29/5/2018;23:46:00;14570;14444
29/5/2018;23:47:00;14460;14715
29/5/2018;23:48:00;14830;14220
29/5/2018;23:49:00;14350;14646
29/5/2018;23:50:00;14720;14577
29/5/2018;23:51:00;14790;14698
29/5/2018;23:52:00;14750;14613
29/5/2018;23:53:00;14620;14074
29/5/2018;23:54:00;14160;14767
29/5/2018;23:55:00;14890;14463
29/5/2018;23:56:00;14490;14361
29/5/2018;23:57:00;14550;14491
29/5/2018;23:58:00;14620;14419
29/5/2018;23:59:00;14530;14242
